App,Package,Start Time,Duration,Filename
"System",,"Aug 2, 2019 @ 04:17:47 PM","3 min 10 sec","Trepn_2019.08.02_161746.db"

Time  [ms],"Battery Status",Time  [ms],"Memory Usage [KB]",Time  [ms],"Battery Power* [uW] (Raw)","Battery Power* [uW] (Delta)",Time  [ms],"GPU Frequency [KHz]",Time  [ms],"GPU Load [%]",Time  [ms],"CPU1 Frequency [kHz]",Time  [ms],"CPU2 Frequency [kHz]",Time  [ms],"CPU3 Frequency [kHz]",Time  [ms],"CPU4 Frequency [kHz]",Time  [ms],"CPU5 Frequency [kHz]",Time  [ms],"CPU6 Frequency [kHz]",Time  [ms],"CPU7 Frequency [kHz]",Time  [ms],"CPU8 Frequency [kHz]",Time  [ms],"CPU1 Load [%]",Time  [ms],"CPU2 Load [%]",Time  [ms],"CPU3 Load [%]",Time  [ms],"CPU4 Load [%]",Time  [ms],"CPU5 Load [%]",Time  [ms],"CPU6 Load [%]",Time  [ms],"CPU7 Load [%]",Time  [ms],"CPU8 Load [%]",
64,3,58,2651224,63,1128913,272325,66,180000,67,0,56,1555200,58,1555200,59,1555200,61,1555200,62,960000,63,960000,64,960000,65,960000,57,57,59,55,60,12,62,22,63,25,64,0,65,0,66,0,
164,3,158,2651904,163,1390793,534205,166,180000,166,0,156,1555200,158,1555200,160,1555200,161,1555200,162,1536000,163,1536000,164,1536000,165,1536000,158,44,159,60,160,41,162,0,162,50,164,10,165,0,166,0,
261,3,258,2652768,261,1398108,541520,262,180000,263,0,257,1555200,258,1555200,259,1555200,259,1555200,260,1958400,261,1958400,261,1958400,262,1958400,258,14,259,11,259,10,260,20,260,88,261,10,262,0,262,0,
366,3,359,2654160,365,1647652,791064,370,180000,370,0,357,1555200,359,1555200,361,1555200,362,1555200,364,1248000,365,1248000,367,1248000,368,1248000,358,62,360,63,362,50,363,40,365,0,366,0,368,0,369,0,
470,3,460,2654436,468,1915536,1058948,474,180000,474,0,457,1555200,460,1555200,462,1555200,464,1555200,466,1958400,468,1958400,470,1958400,472,1958400,459,66,462,30,464,20,466,18,467,90,469,0,471,0,473,0,
572,3,561,2654268,570,1745096,888508,578,180000,578,0,558,1555200,562,1555200,564,1555200,566,1555200,568,1958400,570,1958400,573,1958400,576,1958400,560,77,564,45,566,37,568,40,570,30,572,0,574,0,577,0,
670,3,661,2655244,668,1247255,390667,674,180000,675,0,658,1555200,661,1555200,663,1555200,665,1555200,667,1248000,668,1248000,670,1248000,672,1248000,660,50,663,11,665,72,666,18,668,33,670,0,672,0,674,0,
774,3,761,2655492,771,1204227,347639,778,180000,779,0,759,1555200,762,1555200,764,1555200,766,1555200,768,1958400,772,1958400,774,1958400,776,1958400,760,0,764,0,766,20,768,0,771,100,773,0,776,0,778,0,
872,3,862,2654432,870,1477039,620451,876,180000,877,0,859,1555200,862,1555200,864,1555200,866,1555200,868,633600,870,633600,872,633600,874,633600,861,66,863,63,865,44,868,33,870,0,872,0,874,0,876,0,
974,3,963,2655324,971,2103946,1247358,979,180000,979,0,960,1555200,964,1555200,966,1555200,968,1555200,970,1824000,972,1824000,974,1824000,977,1824000,962,57,965,90,967,40,969,20,971,66,973,0,976,0,978,0,
1073,3,1063,2654228,1071,1495438,638850,1077,180000,1078,0,1060,1555200,1063,1555200,1065,1555200,1067,1555200,1070,1958400,1072,1958400,1074,1958400,1076,1958400,1062,44,1065,50,1067,0,1069,11,1071,70,1073,0,1075,0,1077,0,
1173,3,1163,2654900,1171,1097024,240436,1177,180000,1177,0,1161,1555200,1164,1555200,1166,1555200,1167,1555200,1169,633600,1171,633600,1173,633600,1175,633600,1162,50,1165,72,1167,22,1169,9,1170,0,1173,0,1175,0,1177,0,
1276,3,1264,2655196,1274,1541222,684634,1280,180000,1281,0,1261,1555200,1264,1555200,1267,1555200,1269,1555200,1271,1958400,1274,1958400,1276,1958400,1278,1958400,1263,36,1266,10,1268,10,1271,11,1274,100,1276,0,1278,0,1280,0,
1372,3,1364,2654872,1370,1310865,454277,1376,180000,1377,0,1362,1555200,1364,1555200,1366,1555200,1367,1555200,1369,1958400,1371,1958400,1373,1958400,1374,1958400,1363,77,1366,27,1367,20,1369,10,1370,33,1372,0,1374,0,1376,0,
1477,3,1465,2655724,1474,910601,54013,1482,180000,1482,0,1462,1555200,1465,1555200,1467,1555200,1469,1555200,1472,633600,1475,633600,1477,633600,1479,633600,1464,25,1467,70,1469,10,1472,22,1474,0,1476,0,1478,0,1480,0,
1574,3,1565,2655724,1572,1598583,741995,1577,180000,1578,0,1562,1555200,1565,1555200,1567,1555200,1569,1555200,1570,1958400,1572,1958400,1574,1958400,1576,1958400,1564,44,1567,11,1568,11,1570,9,1572,100,1574,0,1575,0,1577,0,
1677,3,1666,2656012,1675,1878216,1021628,1683,180000,1684,0,1663,1555200,1667,1555200,1669,1555200,1671,1555200,1673,1958400,1676,1958400,1678,1958400,1680,1958400,1665,70,1668,22,1670,0,1672,22,1675,100,1677,0,1679,0,1682,0,
1775,3,1766,2657240,1773,2107659,1251071,1778,180000,1779,0,1763,1555200,1766,1555200,1768,1555200,1769,1555200,1771,1958400,1774,1958400,1775,1958400,1777,1958400,1765,55,1767,44,1769,27,1771,20,1773,100,1775,50,1777,0,1778,0,
1877,3,1867,2654204,1875,1820682,964094,1882,180000,1883,0,1864,1555200,1867,1555200,1869,1555200,1871,1555200,1873,1958400,1875,1958400,1878,1958400,1880,1958400,1866,22,1868,10,1870,0,1873,0,1875,100,1877,55,1879,0,1882,0,
1976,3,1967,2657816,1974,2630989,1774401,1980,180000,1981,0,1964,1555200,1967,1555200,1969,1555200,1971,1555200,1973,1958400,1975,1958400,1977,1958400,1978,1958400,1966,66,1969,50,1970,44,1972,22,1974,70,1976,20,1978,0,1980,0,
2076,3,2067,2658048,2074,1668401,811813,2079,180000,2080,0,2065,1555200,2068,1555200,2070,1555200,2071,1555200,2073,1958400,2075,1958400,2076,1958400,2078,1958400,2066,40,2069,60,2071,27,2073,11,2074,44,2076,0,2077,0,2079,0,
2182,3,2169,2661460,2179,894861,38273,2187,180000,2188,0,2165,960000,2169,960000,2172,960000,2175,960000,2177,1958400,2180,1958400,2183,1958400,2185,1958400,2168,37,2171,22,2174,10,2176,0,2179,63,2182,0,2185,0,2187,0,
2279,3,2270,2661856,2277,1104194,247606,2283,180000,2283,0,2266,1555200,2270,1555200,2272,1555200,2274,1555200,2276,633600,2277,633600,2279,633600,2281,633600,2269,60,2272,44,2274,30,2275,20,2277,0,2279,0,2281,0,2283,0,
2385,3,2371,2662392,2383,916489,59901,2390,180000,2391,0,2367,1555200,2372,1555200,2374,1555200,2377,1555200,2380,1248000,2384,1536000,2386,1536000,2388,1536000,2369,30,2374,40,2376,0,2379,30,2383,40,2385,0,2388,0,2390,0,
2478,3,2469,2662672,2476,1734814,878226,2482,180000,2483,0,2467,1555200,2470,1555200,2471,1555200,2473,1555200,2475,1958400,2477,1958400,2479,1958400,2480,1958400,2468,54,2471,20,2473,0,2474,20,2476,100,2478,0,2480,0,2482,0,
2582,3,2570,2663152,2580,1061173,204585,2587,180000,2588,0,2567,1555200,2571,1555200,2573,1555200,2576,1555200,2578,633600,2580,633600,2583,633600,2585,633600,2569,63,2573,45,2575,20,2578,20,2580,0,2582,0,2584,0,2587,0,
2679,3,2670,2663400,2677,1410156,553568,2683,180000,2684,0,2668,1555200,2671,1555200,2672,1555200,2674,1555200,2676,1824000,2677,1824000,2679,1824000,2682,1958400,2669,50,2672,33,2674,11,2675,11,2677,70,2679,0,2681,0,2683,0,
2784,3,2772,2662844,2782,1095381,238793,2789,180000,2790,0,2768,1555200,2772,1555200,2775,1555200,2777,1555200,2779,1958400,2782,1958400,2784,1958400,2787,1958400,2770,36,2774,9,2776,10,2779,9,2781,60,2784,0,2786,0,2789,0,
2883,3,2872,2663180,2880,1555910,699322,2887,180000,2888,0,2869,1555200,2872,1555200,2874,1555200,2876,1555200,2878,633600,2881,633600,2883,633600,2885,633600,2870,72,2874,50,2876,50,2878,45,2880,0,2882,0,2884,0,2887,0,
2981,3,2972,2663164,2979,1457284,600696,2986,180000,2986,0,2969,1555200,2973,1555200,2974,1555200,2976,1555200,2978,1824000,2980,1824000,2982,1958400,2984,1958400,2971,30,2974,20,2976,18,2978,20,2979,88,2981,0,2983,0,2985,0,
3081,3,3072,2672224,3079,1770839,914251,3085,180000,3085,0,3070,1555200,3073,1555200,3074,1555200,3076,1555200,3078,1958400,3079,1958400,3081,1958400,3083,1958400,3071,88,3074,22,3076,33,3077,30,3079,50,3081,0,3082,0,3084,0,
3186,3,3173,2662972,3183,1361035,504447,3190,180000,3191,0,3170,1555200,3174,1555200,3176,1555200,3178,1555200,3181,1248000,3184,1536000,3186,1536000,3188,1536000,3172,81,3175,12,3178,58,3180,11,3183,40,3185,0,3188,0,3190,0,
3282,3,3273,2663236,3280,1756325,899737,3285,180000,3285,0,3271,1555200,3273,1555200,3275,1555200,3277,1555200,3278,1958400,3280,1958400,3282,1958400,3284,1958400,3272,60,3275,11,3276,10,3278,16,3280,100,3281,0,3283,0,3284,0,
3383,3,3373,2663372,3379,844602,0,3387,180000,3387,0,3371,1555200,3374,1555200,3375,1555200,3377,1555200,3378,1958400,3380,1958400,3383,633600,3385,633600,3372,44,3375,30,3376,18,3378,11,3379,10,3382,0,3385,0,3386,0,
3485,3,3475,2664368,3483,1641746,785158,3488,180000,3489,0,3472,1555200,3475,1555200,3477,1555200,3479,1555200,3481,1536000,3484,1536000,3485,1536000,3487,1536000,3473,70,3477,58,3479,25,3481,27,3483,50,3485,10,3486,0,3488,0,
3576,3,3573,2663836,3576,1799633,943045,3578,180000,3578,0,3572,1555200,3573,1555200,3574,1555200,3575,1555200,3575,1958400,3576,1958400,3577,1958400,3577,1958400,3573,50,3574,30,3575,20,3575,11,3576,88,3576,0,3577,11,3578,0,
3678,3,3674,2665364,3677,1302019,445431,3679,180000,3679,0,3672,1555200,3674,1555200,3675,1555200,3676,1555200,3676,1958400,3677,1958400,3678,1958400,3678,1958400,3674,55,3675,50,3676,27,3676,20,3677,9,3678,11,3678,0,3679,0,
3780,3,3775,2666124,3778,1673722,817134,3782,180000,3782,0,3773,1555200,3775,1555200,3776,1555200,3777,1555200,3778,1958400,3779,1958400,3780,1958400,3781,1958400,3774,54,3776,30,3777,0,3777,0,3778,90,3779,0,3781,0,3782,0,
3878,3,3875,2667940,3877,1721529,864941,3879,180000,3879,0,3873,1555200,3875,1555200,3875,1555200,3876,1555200,3877,1958400,3877,1958400,3878,1958400,3878,1958400,3874,100,3875,45,3876,0,3876,30,3877,44,3878,11,3878,0,3879,0,
3980,3,3975,2676588,3979,2119309,1262721,3982,180000,3982,0,3974,1555200,3975,1555200,3976,1555200,3977,1555200,3978,1248000,3979,1248000,3980,1248000,3981,1248000,3975,100,3976,50,3977,70,3978,44,3979,22,3980,0,3980,0,3981,0,
4079,3,4075,2671000,4078,1987237,1130649,4080,180000,4080,0,4074,1555200,4076,1555200,4076,1555200,4077,1555200,4077,1958400,4078,1958400,4079,1958400,4079,1958400,4075,100,4076,11,4077,22,4077,11,4078,90,4079,10,4079,0,4080,0,
4186,3,4177,2638860,4184,1009514,152926,4189,180000,4189,0,4175,1555200,4177,1555200,4179,1555200,4181,1555200,4182,633600,4184,633600,4186,633600,4187,633600,4176,77,4179,30,4180,10,4182,9,4184,0,4185,10,4187,0,4189,0,
4285,3,4277,2638672,4283,1106425,249837,4289,180000,4290,0,4275,1555200,4277,1555200,4279,1555200,4280,1555200,4282,1248000,4284,1248000,4286,1248000,4287,1248000,4276,70,4278,10,4280,40,4281,11,4283,30,4285,0,4287,0,4289,0,
4391,3,4379,2639160,4389,1426312,569724,4395,180000,4396,0,4375,1478400,4379,1478400,4382,1555200,4385,1555200,4387,1958400,4389,1958400,4391,1958400,4393,1958400,4377,25,4382,0,4384,18,4386,10,4388,100,4390,0,4393,0,4395,0,
4488,3,4479,2638972,4486,910601,54013,4493,180000,4494,0,4476,1555200,4479,1555200,4481,1555200,4483,1555200,4485,633600,4487,633600,4489,633600,4491,633600,4478,62,4480,40,4482,0,4484,25,4486,0,4488,0,4491,0,4493,0,
4597,3,4582,2639292,4594,1362850,506262,4601,180000,4602,0,4577,1555200,4582,1555200,4585,1555200,4588,1555200,4593,1536000,4595,1536000,4597,1536000,4599,1536000,4579,81,4585,38,4588,27,4592,0,4594,45,4596,0,4599,0,4601,0,
4688,3,4680,2638508,4686,1399583,542995,4692,180000,4692,0,4677,1555200,4680,1555200,4682,1555200,4683,1555200,4685,1958400,4687,1958400,4688,1958400,4690,1958400,4679,33,4681,0,4683,22,4685,10,4686,88,4688,0,4690,0,4691,0,
4791,3,4780,2638708,4789,870981,14393,4796,180000,4796,0,4777,1248000,4780,1248000,4783,1344000,4785,1344000,4787,633600,4790,633600,4792,633600,4794,633600,4779,54,4782,36,4784,45,4787,30,4789,0,4791,0,4793,0,4795,0,
4890,3,4880,2639164,4888,1458637,602049,4894,180000,4894,0,4878,1555200,4881,1555200,4883,1555200,4885,1555200,4887,1824000,4888,1824000,4890,1824000,4892,1824000,4879,63,4883,12,4884,22,4886,20,4888,66,4890,0,4892,0,4893,0,
4992,3,4981,2639320,4990,1244191,387603,4997,180000,4998,0,4978,1555200,4982,1555200,4984,1555200,4986,1555200,4988,1958400,4990,1958400,4993,1958400,4995,1958400,4980,11,4983,18,4985,16,4988,22,4990,72,4992,0,4995,0,4997,0,
5091,3,5082,2638816,5089,1018153,161565,5095,180000,5095,0,5079,1555200,5082,1555200,5084,1555200,5086,1555200,5087,633600,5089,633600,5091,633600,5093,633600,5080,50,5083,22,5085,30,5087,40,5088,0,5090,0,5092,0,5094,0,
5200,3,5187,2639572,5198,1060968,204380,5204,180000,5204,0,5180,1555200,5188,1555200,5191,1555200,5194,1555200,5196,1536000,5198,1536000,5201,1536000,5202,1824000,5183,44,5191,10,5193,18,5195,27,5198,50,5200,0,5202,0,5203,0,
5290,3,5282,2638844,5289,1786768,930180,5295,180000,5295,0,5280,1555200,5283,1555200,5284,1555200,5286,1555200,5287,1958400,5289,1958400,5291,1958400,5293,1958400,5281,50,5284,30,5285,12,5287,27,5288,88,5290,0,5292,0,5294,0,
5397,3,5383,2639400,5394,648311,0,5402,180000,5402,0,5380,1248000,5384,1248000,5387,1248000,5389,1248000,5392,1958400,5395,1958400,5397,1958400,5399,1958400,5382,36,5386,54,5389,10,5391,30,5394,0,5396,0,5399,0,5401,0,
5495,3,5484,2639912,5493,1869730,1013142,5499,180000,5500,0,5481,1555200,5485,1555200,5487,1555200,5489,1555200,5491,1824000,5493,1958400,5495,1958400,5497,1958400,5483,58,5486,37,5488,20,5490,41,5493,80,5495,0,5497,0,5499,0,
5594,3,5584,2639180,5592,1228762,372174,5598,180000,5599,0,5581,1555200,5584,1555200,5586,1555200,5588,1555200,5590,1958400,5592,1958400,5594,1958400,5596,1958400,5583,40,5586,0,5588,20,5590,30,5591,55,5593,0,5595,0,5598,0,
5697,3,5685,2640312,5694,1061173,204585,5701,180000,5702,0,5682,1555200,5685,1555200,5687,1555200,5690,1555200,5692,633600,5695,633600,5697,633600,5699,633600,5683,50,5687,36,5689,40,5691,22,5694,0,5696,0,5698,0,5700,0,
5793,3,5784,2639948,5791,1607515,750927,5797,180000,5797,0,5782,1555200,5785,1555200,5787,1555200,5788,1555200,5790,1958400,5792,1958400,5793,1958400,5795,1958400,5783,25,5786,22,5788,27,5789,20,5791,88,5793,0,5795,0,5796,0,
5899,3,5886,2637484,5896,931938,75350,5903,180000,5904,0,5882,1555200,5886,1555200,5889,1555200,5891,1555200,5894,1958400,5897,1958400,5899,1958400,5901,1958400,5884,20,5888,11,5890,0,5893,25,5896,50,5898,0,5900,0,5903,0,
5996,3,5986,2638728,5994,1240426,383838,6000,180000,6000,0,5983,1555200,5986,1555200,5988,1555200,5990,1555200,5992,633600,5994,633600,5996,633600,5998,633600,5985,57,5988,57,5989,22,5991,37,5993,0,5995,0,5997,0,5999,0,
6099,3,6087,2638728,6096,1277601,421013,6103,180000,6104,0,6083,1478400,6087,1478400,6089,1478400,6092,1478400,6094,1958400,6097,1958400,6099,1958400,6101,1958400,6085,11,6089,18,6091,0,6094,20,6096,90,6098,0,6101,0,6103,0,
6199,3,6186,2638652,6196,1198113,341525,6204,180000,6205,0,6184,1555200,6187,1555200,6189,1555200,6191,1555200,6194,1958400,6196,1958400,6199,1958400,6201,1958400,6185,58,6189,11,6191,11,6193,22,6196,44,6198,0,6201,0,6203,0,
6300,3,6288,2639556,6298,917772,61184,6306,180000,6308,0,6284,1555200,6288,1555200,6291,1555200,6293,1555200,6296,633600,6298,633600,6300,633600,6303,633600,6286,40,6290,30,6293,40,6295,18,6297,0,6300,0,6303,0,6305,0,
6397,3,6387,2640084,6395,1404395,547807,6401,180000,6402,0,6385,1555200,6388,1555200,6390,1555200,6391,1555200,6393,1536000,6395,1536000,6397,1536000,6399,1536000,6386,54,6389,40,6391,36,6393,12,6395,55,6397,0,6398,0,6400,0,
6499,3,6489,2639960,6497,1149804,293216,6504,180000,6505,0,6485,1555200,6489,1555200,6491,1555200,6493,1555200,6495,1958400,6498,1958400,6500,1958400,6502,1958400,6487,33,6490,0,6493,0,6495,9,6497,80,6499,0,6501,0,6503,0,
6599,3,6589,2641220,6597,1161555,304967,6603,180000,6604,0,6586,1555200,6589,1555200,6592,1555200,6594,1555200,6595,633600,6597,633600,6599,633600,6601,633600,6587,72,6591,45,6593,45,6595,0,6597,0,6599,0,6601,0,6603,0,
6702,3,6690,2641484,6700,1250186,393598,6705,180000,6706,0,6686,1555200,6691,1555200,6693,1555200,6696,1555200,6699,1958400,6700,1958400,6702,1958400,6704,1958400,6688,27,6692,20,6696,0,6698,9,6700,80,6702,18,6704,0,6705,0,
6791,3,6788,2637884,6790,1534433,677845,6793,180000,6793,0,6786,1555200,6788,1555200,6789,1555200,6789,1555200,6790,1958400,6790,1958400,6791,1958400,6792,1958400,6787,72,6788,22,6789,12,6790,0,6790,55,6791,0,6792,10,6792,0,
6898,3,6889,2638336,6896,1045364,188776,6902,180000,6903,0,6887,1555200,6890,1555200,6892,1555200,6893,1555200,6895,633600,6897,633600,6899,633600,6900,633600,6888,53,6891,40,6893,20,6895,18,6896,0,6898,0,6900,0,6902,0,
6999,3,6990,2638760,6997,1772427,915839,7003,180000,7003,0,6987,1555200,6990,1555200,6993,1555200,6994,1555200,6996,1958400,6998,1958400,6999,1958400,7001,1958400,6989,72,6992,45,6994,0,6996,0,6997,88,6999,0,7001,0,7002,0,
7104,3,7091,2639004,7102,871378,14790,7109,180000,7110,0,7088,1344000,7092,1344000,7095,1344000,7097,1344000,7100,1958400,7102,1958400,7104,1958400,7106,1958400,7090,40,7094,10,7097,10,7099,10,7101,45,7104,0,7106,0,7108,0,
7202,3,7191,2639364,7199,1385990,529402,7206,180000,7207,0,7188,1555200,7192,1555200,7194,1555200,7196,1555200,7198,1248000,7200,1248000,7202,1248000,7204,1248000,7190,80,7193,40,7195,25,7197,33,7199,22,7201,0,7204,0,7206,0,
7300,3,7291,2639364,7298,1620093,763505,7304,180000,7304,0,7289,1555200,7292,1555200,7293,1555200,7295,1555200,7297,1958400,7298,1958400,7300,1958400,7302,1958400,7290,30,7293,11,7295,27,7296,10,7298,100,7300,0,7302,0,7303,0,
7404,3,7392,2638684,7402,866112,9524,7409,180000,7411,0,7389,1555200,7393,1555200,7395,1555200,7397,1555200,7400,1958400,7402,633600,7404,633600,7407,633600,7391,50,7394,11,7397,45,7399,0,7401,10,7404,0,7406,0,7409,0,
7502,3,7492,2639480,7499,1246653,390065,7506,180000,7506,0,7489,1555200,7493,1555200,7494,1555200,7496,1555200,7498,1536000,7500,1536000,7502,1824000,7504,1824000,7491,36,7494,40,7496,22,7497,22,7499,55,7502,0,7504,0,7505,0,
7606,3,7593,2638892,7603,1287549,430961,7610,180000,7611,0,7590,1478400,7594,1478400,7596,1478400,7599,1478400,7602,1958400,7604,1958400,7606,1958400,7608,1958400,7592,44,7596,10,7598,11,7601,0,7603,81,7605,0,7608,0,7610,0,
7701,3,7693,2639716,7699,1190235,333647,7705,180000,7705,0,7690,1555200,7693,1555200,7695,1555200,7696,1555200,7698,1958400,7700,1958400,7701,633600,7703,633600,7692,72,7694,14,7696,50,7698,30,7699,0,7701,0,7703,0,7704,0,
7805,3,7794,2639532,7803,1413629,557041,7809,180000,7810,0,7791,1555200,7795,1555200,7797,1555200,7799,1555200,7802,1958400,7804,1958400,7805,1958400,7807,1958400,7792,45,7796,0,7799,10,7801,9,7803,90,7805,0,7807,0,7809,0,
7906,3,7895,2639492,7903,1225912,369324,7910,180000,7910,0,7891,1555200,7895,1555200,7897,1555200,7899,1555200,7901,1958400,7904,1958400,7906,1958400,7908,1958400,7893,63,7897,12,7899,11,7900,11,7903,50,7905,0,7907,0,7909,0,
8003,3,7995,2640264,8002,823776,0,8005,180000,8005,0,7992,1555200,7996,1555200,7997,1555200,7999,1555200,8001,633600,8002,1248000,8003,1248000,8004,1248000,7994,22,7997,30,7999,58,8000,0,8002,20,8003,11,8004,0,8005,0,
8103,3,8094,2640264,8101,1581739,725151,8107,180000,8107,0,8092,1555200,8095,1555200,8096,1555200,8098,1555200,8099,1958400,8101,1958400,8103,1958400,8105,1958400,8093,44,8096,11,8098,10,8099,0,8100,100,8103,0,8105,0,8106,0,
8209,3,8196,2639524,8207,659001,0,8214,180000,8215,0,8193,1248000,8197,1248000,8200,1248000,8203,1555200,8205,633600,8207,633600,8210,633600,8212,633600,8195,62,8200,18,8202,30,8204,11,8207,18,8209,0,8211,0,8214,0,
8305,3,8296,2639824,8303,1420358,563770,8308,180000,8309,0,8293,1555200,8296,1555200,8298,1555200,8299,1555200,8301,1536000,8303,1536000,8305,1536000,8307,1536000,8295,50,8297,70,8299,25,8301,10,8303,44,8304,0,8306,0,8308,0,
8408,3,8397,2640044,8406,1234377,377789,8412,180000,8413,0,8393,1555200,8397,1555200,8400,1555200,8403,1555200,8404,1958400,8406,1958400,8408,1958400,8410,1958400,8395,9,8399,0,8402,20,8404,10,8406,90,8408,0,8410,0,8412,0,
8506,3,8497,2644404,8505,1297787,441199,8510,180000,8511,0,8494,1555200,8497,1555200,8499,1555200,8501,1555200,8503,633600,8505,633600,8507,633600,8508,633600,8496,57,8499,50,8501,44,8503,30,8504,0,8506,0,8508,0,8510,0,
8600,3,8596,2641188,8599,1511736,655148,8602,180000,8602,0,8594,1555200,8596,1555200,8597,1555200,8598,1555200,8599,1824000,8600,1824000,8600,1824000,8601,1958400,8595,55,8597,33,8598,22,8599,0,8599,77,8600,0,8601,0,8602,0,
8710,3,8698,2640256,8707,817216,0,8714,180000,8715,0,8695,1555200,8699,1555200,8701,1555200,8703,1555200,8705,1958400,8708,1958400,8710,1958400,8712,1958400,8697,12,8700,0,8703,18,8705,10,8707,50,8709,8,8711,0,8714,0,
8808,3,8798,2640748,8806,1490204,633616,8813,180000,8813,0,8795,1555200,8799,1555200,8801,1555200,8803,1555200,8805,633600,8807,633600,8808,633600,8810,633600,8797,60,8800,55,8802,40,8804,41,8806,0,8808,0,8810,0,8812,0,
8911,3,8899,2640784,8908,1313248,456660,8915,180000,8916,0,8895,1555200,8899,1555200,8902,1555200,8904,1555200,8906,1958400,8909,1958400,8911,1958400,8913,1958400,8897,0,8901,20,8903,10,8906,20,8908,90,8911,0,8913,0,8915,0,
9011,3,8999,2640496,9009,1349272,492684,9016,180000,9016,0,8996,1555200,9000,1555200,9002,1555200,9005,1555200,9007,1958400,9009,1958400,9011,1958400,9013,1958400,8998,55,9001,11,9004,33,9006,30,9008,40,9011,0,9013,0,9015,0,
9109,3,9100,2641196,9107,1046833,190245,9113,180000,9114,0,9097,1555200,9100,1555200,9102,1555200,9104,1555200,9106,633600,9107,633600,9109,633600,9111,633600,9098,45,9102,70,9104,20,9105,11,9107,0,9109,0,9111,0,9113,0,
9211,3,9200,2641392,9208,1476691,620103,9215,180000,9216,0,9197,1555200,9201,1555200,9203,1555200,9205,1555200,9207,1958400,9209,1958400,9211,1958400,9213,1958400,9199,33,9202,0,9204,25,9206,0,9208,100,9210,0,9213,0,9215,0,
9310,3,9300,2641112,9308,812417,0,9315,180000,9315,0,9297,1478400,9301,1478400,9303,1478400,9305,1478400,9306,1958400,9308,1958400,9310,1958400,9312,1958400,9299,45,9302,10,9304,20,9306,0,9308,30,9310,0,9312,0,9314,0,
9412,3,9401,2641012,9410,1171918,315330,9417,180000,9417,0,9398,1555200,9402,1555200,9404,1555200,9406,1555200,9408,633600,9410,633600,9412,1248000,9415,1248000,9400,58,9403,50,9405,33,9408,20,9410,10,9412,0,9414,0,9416,0,
9510,3,9501,2639252,9508,1670284,813696,9513,180000,9513,0,9498,1555200,9502,1555200,9503,1555200,9505,1555200,9507,1958400,9508,1958400,9510,1958400,9511,1958400,9500,37,9503,27,9505,10,9506,11,9508,100,9509,0,9511,0,9513,27,
9619,3,9605,2639376,9617,817602,0,9624,180000,9625,0,9599,960000,9607,1248000,9610,1248000,9612,1248000,9614,633600,9617,633600,9620,633600,9622,633600,9602,58,9609,30,9611,12,9614,20,9616,18,9619,0,9621,0,9624,0,
9711,3,9702,2639464,9709,1326467,469879,9715,180000,9715,0,9699,1555200,9703,1555200,9705,1555200,9706,1555200,9708,633600,9710,633600,9711,633600,9713,633600,9701,57,9704,33,9706,70,9708,25,9709,0,9711,0,9713,0,9714,0,
9816,3,9804,2639380,9814,1340459,483871,9821,180000,9821,0,9800,1555200,9804,1555200,9807,1555200,9809,1555200,9812,1958400,9814,1958400,9816,1958400,9818,1958400,9802,30,9807,0,9809,9,9811,0,9813,100,9816,0,9818,0,9820,0,
9915,3,9904,2639012,9913,1121298,264710,9919,180000,9920,0,9900,1555200,9904,1555200,9906,1555200,9909,1555200,9911,1958400,9913,1958400,9915,1958400,9917,1958400,9902,60,9906,12,9908,22,9910,18,9913,30,9915,0,9917,0,9919,0,
10014,3,10004,2640064,10012,1274052,417464,10019,180000,10019,0,10001,1555200,10004,1555200,10006,1555200,10008,1555200,10010,633600,10013,633600,10015,633600,10017,633600,10003,60,10006,33,10008,60,10010,22,10012,11,10014,0,10016,0,10018,0,
10112,3,10104,2640328,10111,1849536,992948,10118,180000,10118,0,10101,1555200,10104,1555200,10106,1555200,10108,1555200,10109,1958400,10111,1958400,10113,1958400,10116,1958400,10103,37,10106,30,10107,18,10109,25,10110,100,10112,0,10115,0,10117,0,
10217,3,10205,2640020,10215,903051,46463,10222,180000,10223,0,10202,1555200,10206,1555200,10208,1555200,10210,1555200,10213,1958400,10215,1958400,10217,1958400,10219,1958400,10203,33,10207,33,10210,0,10212,20,10214,27,10217,0,10219,0,10221,0,
10315,3,10305,2641088,10313,1682127,825539,10320,180000,10320,0,10302,1555200,10305,1555200,10307,1555200,10309,1555200,10311,1248000,10313,1248000,10316,1248000,10318,1248000,10304,60,10307,60,10309,40,10311,44,10313,44,10315,10,10317,0,10319,0,
10409,3,10405,2641584,10408,1426180,569592,10410,180000,10410,0,10403,1555200,10405,1555200,10406,1555200,10407,1555200,10407,1958400,10408,1958400,10409,1958400,10409,1958400,10404,22,10406,11,10406,11,10407,0,10408,100,10408,20,10409,0,10410,0,
10509,3,10505,2641892,10508,993705,137117,10510,180000,10510,0,10504,1555200,10506,1555200,10506,1555200,10507,1555200,10507,1958400,10508,1958400,10509,1958400,10509,1958400,10505,50,10506,12,10507,22,10507,25,10508,0,10508,0,10509,0,10510,0,
10612,3,10606,2641760,10610,996302,139714,10614,180000,10614,0,10604,1555200,10607,1555200,10608,1555200,10609,1555200,10610,1248000,10611,1248000,10612,1536000,10613,1536000,10605,55,10608,30,10608,11,10609,20,10610,33,10612,9,10613,0,10614,0,
10711,3,10707,2641760,10710,1178187,321599,10713,180000,10713,0,10705,1478400,10707,1478400,10708,1478400,10709,1478400,10709,1958400,10710,1958400,10711,1958400,10712,1958400,10706,11,10708,0,10709,0,10709,0,10710,1